who,rule,hit,fa,dprime,gain_vs_best_member
Indiv_A,INDIV,0.722316288520149,0.27568099770265836,1.1854567957222,
Indiv_B,INDIV,0.6545885540128683,0.3449294387922547,0.796785172366159,
Team,BF,0.7213003725025398,0.2769937643583853,1.1785043741543375,-0.006952421567862466
Team,CF,0.6860819505587538,0.31014112241549063,0.9802251747173721,-0.20523162100482784
Team,DSS,0.7531324077209617,0.2497538562520512,1.3596446246240537,0.1741878289018537
Team,UW,0.7531324077209617,0.2497538562520512,1.3596446246240537,0.1741878289018537
Team,WCS,0.7531324077209617,0.2497538562520512,1.3596446246240537,0.1741878289018537
